{"cameraMode":{"drawMode":0,"name":"Shaded","section":"Shading Mode"},"sceneLighting":true,"audioPlay":false,"sceneViewState":{"m_AlwaysRefresh":false,"showFog":true,"showSkybox":true,"showFlares":true,"showImageEffects":true,"showParticleSystems":true,"showVisualEffectGraphs":true,"m_FxEnabled":true},"in2DMode":false,"pivot":{"x":1.019117832183838,"y":-9.91446590423584,"z":219.47608947753907},"rotation":{"x":0.05418439209461212,"y":-0.058964233845472339,"z":0.003152894088998437,"w":0.9968606233596802},"size":111.34062957763672,"orthographic":false}