{"cameraMode":{"drawMode":0,"name":"Shaded","section":"Shading Mode"},"sceneLighting":true,"audioPlay":false,"sceneViewState":{"m_AlwaysRefresh":false,"showFog":true,"showSkybox":true,"showFlares":true,"showImageEffects":true,"showParticleSystems":true,"showVisualEffectGraphs":true,"m_FxEnabled":true},"in2DMode":false,"pivot":{"x":206.8529052734375,"y":268.95330810546877,"z":-16.356304168701173},"rotation":{"x":0.03779161348938942,"y":0.005416280589997768,"z":-0.0002573085075709969,"w":0.9993482828140259},"size":156.16307067871095,"orthographic":false}