{"cameraMode":{"drawMode":0,"name":"Shaded","section":"Shading Mode"},"sceneLighting":true,"audioPlay":false,"sceneViewState":{"m_AlwaysRefresh":false,"showFog":true,"showSkybox":true,"showFlares":true,"showImageEffects":true,"showParticleSystems":true,"showVisualEffectGraphs":true,"m_FxEnabled":true},"in2DMode":false,"pivot":{"x":27.043846130371095,"y":10.859917640686036,"z":16.0736026763916},"rotation":{"x":0.17967696487903596,"y":0.10984884202480316,"z":-0.020230477675795556,"w":0.9774399399757385},"size":7.586129188537598,"orthographic":false}