{"cameraMode":{"drawMode":0,"name":"Shaded","section":"Shading Mode"},"sceneLighting":true,"audioPlay":false,"sceneViewState":{"m_AlwaysRefresh":false,"showFog":true,"showSkybox":true,"showFlares":true,"showImageEffects":true,"showParticleSystems":true,"showVisualEffectGraphs":true,"m_FxEnabled":true},"in2DMode":false,"pivot":{"x":21.829442977905275,"y":14.05594253540039,"z":10.256247520446778},"rotation":{"x":0.03329215198755264,"y":-0.014072581194341183,"z":0.0004330146184656769,"w":0.9994214773178101},"size":4.104369640350342,"orthographic":false}